Port_IDs,ROI,PnL,Sharpe Ratio,MDD,Win Rate,Win Positions,Total Positions,score,rank
3672754654734989568,0.15309973898201193,0.15309973898201193,0.3751880417849242,5.461102814538204e-78,0.5519948726165678,210.0,474.0,0.2144419520587482,114.0
3733192481840423936,0.18104881122934272,0.18104881122934272,0.3047297067346592,6.978361032805197e-51,1.0,553.0,689.0,0.26052278752307034,43.0
3768170840939476993,0.1492710982760538,0.1492710982760538,0.4187992479161131,5.438782420778536e-78,0.5339705502454146,6.0,14.0,0.21925600865959372,105.0
3784403294629753856,0.1762807712841654,0.1762807712841654,0.5019154270789337,1.1228157180155252e-73,0.3766625319444652,1829.0,6050.0,0.23500376281652421,86.0
3786761687746711808,0.14881289384914814,0.14881289384914814,0.31877276625930556,8.869001516701998e-71,0.5621885061526927,37.0,82.0,0.20182049548416187,125.0
3788465932399412480,0.31190326418601505,0.31190326418601505,0.3984454393755326,2.184943789412476e-28,0.5557771025308795,1369.0,3069.0,0.30681359343050274,20.0
3818233536529843712,0.2224929798603529,0.22249297986035288,0.3762647927397811,5.461102800785049e-78,0.4226170857443183,482.0,1421.0,0.23988580604558213,80.0
3819545518395756033,0.15800178299219378,0.15800178299219378,0.3492893252019911,5.461102800785045e-78,0.4763854909052228,26.0,68.0,0.20439739477662708,123.0
3826087012661391104,0.15269733849011016,0.15269733849011013,0.4331060425645346,4.161725096429769e-58,0.7267932489451477,63.0,108.0,0.2432840695769823,72.0
3858510226868015873,0.14305094886765019,0.14305094886765016,0.23958445057445488,5.461111355911107e-78,0.30397721083248,243.0,996.0,0.15699263307534658,145.0
3865845304835489536,0.163052470864538,0.163052470864538,0.4423227799356192,5.522066025767124e-78,0.6370918469859311,451.0,882.0,0.24185259966121286,74.0
3878631538480067329,0.19287226820047812,0.19287226820047812,0.4021423844298553,5.461102800785048e-78,0.6271763666762518,1415.0,2811.0,0.24922586106385924,69.0
3879821005658659073,0.19698361217085159,0.19698361217085159,0.35795700994191615,5.467379332779428e-78,0.412929060835808,289.0,872.0,0.22122529476593242,102.0
3880920727367689984,0.14428570239056954,0.14428570239056954,0.24596377596721217,2.5378232445856197e-73,0.42103884766477523,49.0,145.0,0.17065377627473322,143.0
3886752488982104320,0.23168813628844365,0.23168813628844362,0.4762404868698829,5.2234639050788994e-59,0.928712590325425,931.0,1249.0,0.31554783136516307,17.0
3887577207880438784,0.1750441881737735,0.1750441881737735,0.4231792001511676,8.35272571216631e-69,0.5957816866677627,2893.0,6050.0,0.24048831219258524,77.0
3891020560590657281,0.18024643759397319,0.18024643759397319,0.8390679356271399,5.461102737835986e-78,0.8068616781359012,283.0,437.0,0.34763529561570333,9.0
3907081197088384000,0.35997967701696665,0.35997967701696665,0.47670404508918196,2.8067516796192654e-19,0.7649662705151455,2540.0,4137.0,0.3698262584286826,6.0
3910887259807777281,0.16776209548642967,0.16776209548642967,0.3045636620616597,3.2671391008516604e-75,0.28241109101868594,17.0,75.0,0.18142299403173684,139.0
3910983669796782848,0.22654820493241115,0.2265482049324111,0.5742298567126395,2.955555179766894e-15,0.5334143309222422,274.0,640.0,0.2927889171475787,23.0
3911997667197443328,0.15356360051290133,0.15356360051290133,0.3115503601192257,5.543713919178446e-78,0.5840302893309223,30.0,64.0,0.2051730812390331,122.0
3914654298562589441,0.15045434462486332,0.15045434462486332,0.26448867706470114,6.575844495836516e-58,0.5159135751163426,200.0,483.0,0.18723898246824933,137.0
3919174299855478272,0.163648893888452,0.163648893888452,0.2673246330093714,5.461102800785048e-78,0.5988730480652993,609.0,1267.0,0.2033591230470528,124.0
3919965573764932864,0.1463821618337484,0.1463821618337484,0.26004358617253676,-0.0,0.0,0.0,0.0,0.13251890624306895,147.5
3923766029921022977,0.1555436308176471,0.1555436308176471,0.35999066483629794,5.8111434766984685e-68,0.35527349556969207,359.0,1259.0,0.19307447947393472,132.0
3925368433214965504,0.22687766741474713,0.22687766741474708,0.4818422556079016,5.461102800785048e-78,0.4153104279686558,486.0,1458.0,0.2626822109965568,38.0
3926423286576838657,0.16190710823843946,0.16190710823843943,0.32550743947722044,3.860193875120554e-34,0.42486778091354116,163.0,478.0,0.1966371755179399,130.0
3930688517098515713,0.1694686773232428,0.16946867732324278,0.30524194212439826,2.69299282249763e-62,0.6056610407876231,140.0,288.0,0.2148222650314255,113.0
3931992636670880512,0.26938766413860826,0.26938766413860826,0.41252468663947955,3.412637104692892e-61,0.5004319041142976,2430.0,6050.0,0.2807113430155602,29.0
3932103299427844097,0.19214996163713624,0.1921499616371362,0.3772136799916427,1.8425617786535454e-67,0.3744049976357059,778.0,2589.0,0.21856571466232405,106.0
3935808725185052672,0.17367422935455512,0.17367422935455512,0.3392531124635451,5.4613745428017e-78,0.4373473078200539,602.0,1715.0,0.20710617941971976,119.0
3936410995029308417,0.2730221030984508,0.2730221030984508,0.34137018805895153,5.460557900945472e-78,0.3737793851717902,6.0,20.0,0.25581413283311727,56.0
3937714876784951296,0.1596315988215766,0.1596315988215766,0.27291474520446196,1.5409402626185486e-75,0.4900825598142846,201.0,511.0,0.191388584374188,134.0
3939318616482048768,0.262279093926872,0.262279093926872,0.38097095433387523,1.8581874774604504e-64,0.4667298142885846,118.0,315.0,0.26712067395541306,35.0
3939925275039085824,0.17458612759490372,0.17458612759490372,0.6296105167533754,1.3896029484506437e-67,0.4514609308080327,2148.0,5928.0,0.26709056660867536,36.0
3941019213896463617,0.19658147150454905,0.19658147150454905,0.28867060907603087,5.461102800785079e-78,0.6118412554895375,55.0,112.0,0.2270380566916619,95.0
3942630767220672256,0.22477277530001954,0.22477277530001954,0.3013481271171164,5.461102800785048e-78,0.47715983764802894,1903.0,4969.0,0.23161063560323694,89.0
3943533600390906881,0.17437919194628082,0.17437919194628085,0.6291634873831752,1.0,0.6828185092014512,964.0,1759.0,0.4400231039672346,3.0
3944088772635000577,0.23626826781803,0.23626826781803,0.5657882510348284,5.461102800785048e-78,0.5700500381915147,2774.0,6063.0,0.30011020132603367,21.0
3944239644144231424,0.13229853629255778,0.13229853629255778,0.24521848842966731,3.789961654922416e-76,0.3296345005205764,227.0,858.0,0.1547713426988979,146.0
3944658614777849089,0.1709768235660363,0.17097682356603627,0.3966448051780413,5.461102800785048e-78,0.5537472372915411,20.0,45.0,0.22874093772608234,93.0
3946087913459823360,0.14590001135428582,0.14590001135428582,0.23664457007361886,5.465157328750914e-78,0.39517623302194205,1930.0,6085.0,0.1670915435617752,144.0
3949214983441029120,0.1620033504291464,0.1620033504291464,0.386723460037404,5.461145360254248e-78,0.4606920310248334,1675.0,4530.0,0.2125157378459947,117.0
3949329502284748801,0.1514324000220806,0.1514324000220806,0.3647443534973321,5.46110280078433e-78,0.2336121157323689,72.0,384.0,0.17959790228484762,141.0
3951723256343550465,0.2087449492189469,0.2087449492189469,0.39127681719205126,6.054716733049945e-78,0.43916637944466214,1215.0,3447.0,0.23698172345329727,84.0
3952087967771302912,0.1586247212179605,0.1586247212179605,0.3531802960190894,5.461102800785048e-78,0.4201396189915471,58.0,172.0,0.19989361777285086,127.0
3953433416230728705,0.2047700965927459,0.20477009659274586,0.3984824563200934,3.0650439469406077e-76,0.2600615583105435,110.0,527.0,0.2183262002210833,107.0
3953764659057081857,0.21809746794607213,0.21809746794607213,0.36386414815641555,5.461102800785048e-78,0.38467861252671376,180.0,583.0,0.23119429825429416,90.0
3956048468100538880,0.162667135760933,0.162667135760933,0.3557257599346315,5.460919846575676e-78,0.8899509170756911,20.0,28.0,0.24960716836300859,68.0
3956076827719377409,0.345444407472006,0.34544440747200594,0.40738252406675973,2.7108037754898204e-42,0.6423736624632655,2019.0,3916.0,0.3357082951692818,13.0
3957509601040585217,0.18401521789724204,0.18401521789724204,0.3557268367609769,6.148360268226624e-78,0.33583053474554375,300.0,1113.0,0.20593679067023288,120.0
3960874214179953664,0.37837393887195964,0.37837393887195964,0.476040876715392,5.461421815371856e-78,0.642506596844859,1233.0,2391.0,0.3675645014071421,7.0
3962024093501274881,0.25681472604623873,0.2568147260462387,0.3871935977407356,1.551347593561679e-73,0.32983412621862607,337.0,1273.0,0.251670231495441,65.0
3966142151544441601,0.20428446326906452,0.20428446326906452,0.33335958532895454,3.7305022161592073e-75,0.6629489440245002,1028.0,1932.0,0.24532326626622641,71.0
3975304792994095360,0.17644991765431436,0.17644991765431436,0.5443628052520073,5.461102800785048e-78,0.5314883245538171,1040.0,2438.0,0.25906884821565607,48.0
3975392755164484097,0.1740098273232632,0.17400982732326317,0.42446475189449784,2.7261279792104442e-76,0.348779014412168,512.0,1829.0,0.21547625684791114,112.0
3976088733682659585,0.21634614840301167,0.21634614840301164,0.42730622692160686,9.019644757414183e-76,0.5428257832511428,1226.0,2814.0,0.2587342053310921,50.0
3977078013600312321,0.20118472208527047,0.20118472208527044,0.5017199831141251,1.3849520535874904e-76,0.40670295795894273,1638.0,5018.0,0.25166588956561803,66.0
3977116548751698176,0.15354294963417367,0.1535429496341737,0.30292810169779194,9.186101752390059e-65,0.3498427742987199,456.0,1624.0,0.18001852006822588,140.0
3977234346014419201,0.17516012547563883,0.1751601254756388,0.3874375766716134,5.461102790501832e-78,0.49537026950478225,33.0,83.0,0.22336261129640228,99.0
3978449781300392193,0.21619801856365284,0.21619801856365287,0.4038446978906562,5.461102800785048e-78,0.5466841347750673,344.0,784.0,0.254346263265647,59.0
3981810242465907713,0.18001136014672706,0.18001136014672703,0.3785297691985553,1.88691789117999e-75,0.14239214673211056,12.0,105.0,0.18895141659362202,136.0
3983074113875692800,0.17513092048206838,0.17513092048206835,0.3585058686068019,5.461098645363958e-78,0.40565204592287313,14.0,43.0,0.20858838457878529,118.0
3986814617275053313,0.3400789741937344,0.3400789741937344,0.629568552748269,5.461102800785048e-78,0.9745889052500252,2780.0,3554.0,0.41041603688121026,4.0
3987739404272887297,0.29416243077969506,0.29416243077969506,0.39028802603500434,7.544721274862966e-54,0.2844018352188663,1381.0,6050.0,0.26828712565771984,34.0
3988071780777702657,0.18698264878813967,0.18698264878813967,0.36053944283145345,6.267779893511579e-78,0.4649387181032751,890.0,2385.0,0.22144221721009502,101.0
3988187872032603905,0.17720491460732912,0.1772049146073291,0.38866666958905355,5.461102800943628e-78,0.4069851902945991,1711.0,5238.0,0.21589455598130164,111.0
3988205565930333696,0.1853165036035068,0.18531650360350677,0.3355934190275143,1.1241649225693966e-70,0.47352105399121674,141.0,371.0,0.21639486618655326,110.0
3991414786174551297,0.16758052934017034,0.16758052934017031,0.30747392873265017,4.6442212138585783e-76,0.37257752219696133,93.0,311.0,0.19092182910331984,135.0
3993014919980212480,0.1828827649139486,0.18288276491394856,0.4971835832456376,5.461102800785048e-78,0.5933859783782377,331.0,695.0,0.25936083518962305,46.0
3993222640082269952,0.16872440404203815,0.16872440404203815,0.4526710701285513,5.461107158359474e-78,0.5787708004927623,1434.0,3087.0,0.2412097162981075,75.0
3994879592543698688,0.18976045002432523,0.18976045002432523,0.42244295635572554,2.3456357358139196e-69,0.6887920267841565,361.0,653.0,0.2577360414629396,52.0
3995532094997544704,0.0,0.0,0.15953652030946444,5.160203622298791e-64,0.2666470025877091,1295.0,6051.0,0.058572004320663805,150.0
3996598927198996481,0.18798536568951107,0.18798536568951107,0.3903272828381393,2.2603943475017617e-69,0.45885481331373473,980.0,2661.0,0.2273428890282324,94.0
3998572645139652353,0.26024219009432636,0.26024219009432636,0.5091683116262861,5.461190734018963e-78,0.44497545853784554,95.0,266.0,0.28946441273092127,26.0
3998659472131949824,0.16356535813762593,0.1635653581376259,0.5383026397519464,5.461102800785048e-78,0.610252057423331,72.0,147.0,0.2586466806684166,51.0
3999240873283311617,0.6511447681513157,0.6511447681513157,0.48815463589653574,5.461102800785048e-78,0.6518959349229365,2366.0,4522.0,0.5209501431548245,2.0
3999845462424248576,0.2156585306076049,0.21565853060760487,0.6804178435623747,5.461102809226466e-78,0.5418561912827942,1443.0,3318.0,0.308881379674937,18.0
4000222729738650369,0.1677658671532765,0.1677658671532765,0.6476886511876239,5.461102800785048e-78,0.6983978073669149,537.0,958.0,0.2916487379085183,25.0
4000877324693233921,0.13646936055244926,0.13646936055244926,0.2363714540879281,2.7803895384601702e-74,0.5589185957885612,2714.0,6050.0,0.17822429870028883,142.0
4002413037164645377,0.19009484469191978,0.19009484469191978,0.44843981735497557,5.461102800785048e-78,0.23144904058669882,107.0,576.0,0.21738503211022087,109.0
4004410127575640832,0.1808328741022011,0.1808328741022011,0.43984030562054854,5.4620378004682195e-78,0.4300551768906199,175.0,507.0,0.2304316595693823,91.0
4004713168329653760,0.16614845470636866,0.16614845470636863,0.41293842612895554,5.461094953089914e-78,0.09229120621525684,2.0,27.0,0.18319845593581954,138.0
4006366295148391425,0.182169968410503,0.182169968410503,0.39072257651280334,5.461102800785048e-78,0.2140586787327433,117.0,681.0,0.19974386580161166,128.0
4008537296438699777,0.17401664844483608,0.17401664844483608,0.4222884810962156,1.033579872862325e-75,0.5798820368085718,249.0,535.0,0.23815505654476016,82.0
4008711265867865600,0.28033953094524233,0.28033953094524233,0.5994298185943536,1.96396070579898e-43,0.5249355155542909,166.0,394.0,0.3265662572941831,15.0
4008804082027254529,0.18589502204085062,0.1858950220408506,0.3030597670352118,5.461102818119313e-78,0.6734418324291741,527.0,975.0,0.23019839877242762,92.0
4011626972687000576,0.21139034056704484,0.2113903405670448,0.5253454615099892,5.461102800785048e-78,0.4785396575900397,2326.0,6056.0,0.2691877453728765,32.0
4012994295026226176,0.17602613234290584,0.17602613234290584,0.3656406346370698,1.6269666431445678e-69,0.49876993980924694,251.0,627.0,0.21981949369693687,103.0
4013955990069013504,0.16641910849962013,0.1664191084996201,0.3319892404937435,5.461107707345714e-78,0.8213401759827047,236.0,358.0,0.24006237537181024,79.0
4013978721149559808,0.19118451067037306,0.19118451067037306,0.4532631504872737,5.461102800785032e-78,0.2585095521029388,61.0,294.0,0.2216550661764538,100.0
4014818740371615232,0.17025594998827517,0.17025594998827517,0.5339648853841147,4.562770199048677e-64,0.26143359643395536,111.0,529.0,0.22657710921376983,96.0
4016164457907769600,0.19075543161006356,0.19075543161006353,0.49940631881987835,1.1522927237322546e-77,0.5424700814759128,310.0,712.0,0.2590437592971019,49.0
4017110277719148289,0.18076374364911027,0.18076374364911027,0.6258012579351743,5.461102800785048e-78,0.7070165618990212,143.0,252.0,0.29528196678394764,22.0
4017263283405469185,0.23105014278675445,0.23105014278675445,0.35563046848559055,5.464780284156526e-78,0.41888003825863435,2034.0,6050.0,0.2400916760556965,78.0
4017323550554338817,0.18354755517227708,0.18354755517227708,0.4577329109902512,5.461102800785048e-78,0.6241086981767506,273.0,545.0,0.2549086073604777,58.0
4019895412775450368,0.1776855397260816,0.1776855397260816,0.3732153688226895,5.461102800785048e-78,0.5280479346851911,242.0,571.0,0.2251749140824019,97.0
4020204877254599680,1.0,1.0,0.3748479933734043,2.8949811248987105e-74,0.4104365369958005,1993.0,6050.0,0.666013252374261,1.0
4021243448368889856,0.16414473458360387,0.16414473458360387,0.9582919981297897,5.461102628907066e-78,0.471600436387548,2290.0,6050.0,0.3290980472856949,14.0
4021669203289716224,0.45970438568383487,0.45970438568383487,0.5131699395200126,5.461102800785048e-78,0.39111279304539287,528.0,1682.0,0.39458267933465097,5.0
4022565861939831809,0.3147085177222297,0.31470851772222963,0.5048619048395127,4.823182625765292e-62,0.6574275710822977,372.0,705.0,0.33980482282335855,12.0
4022641794255717633,0.17219068556774192,0.1721906855677419,0.5828481202183867,3.96057108195775e-75,0.5422642104772502,2634.0,6052.0,0.2655009221536604,37.0
4023616625178799873,0.17113475975731282,0.1711347597573128,0.5863867825971475,5.461102800785048e-78,0.5107263666797134,339.0,827.0,0.2624741110539229,39.0
4023697433751327232,0.17493404557510883,0.17493404557510883,0.4870929488381098,5.461102790266886e-78,0.11866012227675879,4.0,42.0,0.2054983270616077,121.0
4023697881318718465,0.18375166220453004,0.18375166220453004,0.5398808526350765,5.461102800770896e-78,0.10679411004908292,6.0,70.0,0.2197189957444151,104.0
4026179081117855488,0.22695771458163172,0.2269577145816317,0.41458266202364974,5.461102800791947e-78,0.2909281170541853,46.0,197.0,0.23683608713004592,85.0
4027747397961573889,0.17766086971975875,0.17766086971975872,0.44631943634714144,1.0911910878318667e-75,0.5606690777576854,207.0,460.0,0.24304427339106413,73.0
4028427053699127040,0.17759927029597625,0.17759927029597622,0.4499886144247375,5.461102800394812e-78,0.3706902993439242,36.0,121.0,0.22474635148212685,98.0
4028701921959171840,0.35506423061627906,0.355064230616279,0.48026223456171496,2.9669012324054267e-63,0.67646633027209,373.0,687.0,0.35898440677850546,8.0
4029299190618134272,0.1861488874848818,0.1861488874848818,0.45147736897079227,5.461102800785008e-78,0.39003066278795506,72.0,230.0,0.23168042818963897,88.0
4029422834086627072,0.17957778320901674,0.17957778320901674,0.5384795205205731,5.4611028007308875e-78,0.4641704783179094,38.0,102.0,0.2528807327008648,63.0
4029506971304830209,0.17499842361048218,0.17499842361048218,0.5718318006198196,5.461102790337731e-78,0.07188065099457505,3.0,52.0,0.21780355820918668,108.0
4029507714735307777,0.1646154909856697,0.1646154909856697,0.5958258869586536,5.461093561564569e-78,0.04701627486437613,2.0,53.0,0.21440532492028666,115.0
4029749871687083265,0.18980042233220404,0.189800422332204,0.5741385928474919,5.4610958816762395e-78,0.5341784827026752,367.0,856.0,0.27263579912247815,30.0
4030392204221219329,0.16236116960552743,0.16236116960552743,0.4700575826545191,5.461090810527064e-78,0.1172641208382087,8.0,85.0,0.19503657189776477,131.0
4030395639953224449,0.19871168207934325,0.19871168207934325,0.6099382626623091,5.461102800785048e-78,0.21778473661770975,86.0,492.0,0.2530575513378716,61.0
4030555430101054209,0.18619909101350687,0.18619909101350687,0.5946622251764173,5.461102800759134e-78,0.3295024883057104,32.0,121.0,0.2542921939232833,60.0
4030565764341697025,0.17945893566713966,0.17945893566713966,0.5138875042567789,5.461102800779734e-78,0.6051666236114699,51.0,105.0,0.2619965778294296,41.0
4030626027667524352,0.19139163266293707,0.19139163266293707,0.6227279372406173,5.461102800785048e-78,0.6202919696699237,116.0,233.0,0.2918401823797312,24.0
4030635536196756737,0.17698975804809225,0.17698975804809222,0.7218422634422761,8.918977850263491e-72,0.6537769256353569,679.0,1294.0,0.30709051217844163,19.0
4030708912786799105,0.1655040241746745,0.16550402417467447,0.5110577615764111,5.461094423937327e-78,0.04153104279686558,2.0,60.0,0.19739186989103977,129.0
4031173908980084736,0.20993532476454657,0.20993532476454654,0.5499208589932368,5.461102800785041e-78,0.4706851516978099,85.0,225.0,0.272517115588929,31.0
4031181049693676544,0.20027051724561368,0.20027051724561365,0.49629691288940325,1.673290881674646e-77,0.30116882028190606,73.0,302.0,0.23952504909115876,81.0
4031408429897920512,0.16240276741954407,0.1624027674195441,0.48774203270796856,5.461090872566601e-78,0.06077713580029109,4.0,82.0,0.1929476422023721,133.0
4031414524297538817,0.17871102802925604,0.178711028029256,0.5268789045656022,5.461102800442263e-78,0.45956481783416836,90.0,244.0,0.2496233281126281,67.0
4031451549482615297,0.1834266965299473,0.18342669652994734,0.5545051458480413,5.461102800783732e-78,0.4808857587005488,44.0,114.0,0.25987428813113417,44.0
4031493134338259457,0.25406655729487904,0.25406655729487904,0.4990946248781841,4.2963073566595425e-71,0.4504875949750004,683.0,1889.0,0.2846042909853203,28.0
4031673021422897664,0.16991295247202104,0.16991295247202104,0.6159711334354558,5.461102800784938e-78,0.3917338534551513,72.0,229.0,0.2558197358922179,55.0
4032403303704824321,0.1708122687983407,0.17081226879834066,0.39161076204018597,8.52423185868952e-70,0.6872177036790762,123.0,223.0,0.2409906706150322,76.0
4033614723417828608,0.2009462788724349,0.20094627887243488,0.4739968297035964,1.5828420979282742e-72,0.27767848381625243,115.0,516.0,0.23308766770218373,87.0
4033639786957934336,0.1801497080377115,0.1801497080377115,0.687004017661774,5.461102800783978e-78,0.20904887313858514,25.0,149.0,0.25738803026695467,53.0
4034359562055356161,0.2090369806953466,0.20903698069534657,0.46352406574811994,1.6390939016368006e-63,0.6097110538263245,391.0,799.0,0.26864625791469704,33.0
4034786679304751616,0.17627201640138196,0.17627201640138193,0.541519419324604,5.461102789851407e-78,0.4774129218705109,123.0,321.0,0.252994785072732,62.0
4035034554469394176,0.17622749632680068,0.17622749632680068,0.6756592059877277,5.461102800750438e-78,0.20818092338681987,66.0,395.0,0.2528750565159679,64.0
4035430878731345664,0.17594804609990158,0.17594804609990156,0.5208219504594584,5.46109885415335e-78,0.6019668000894,43.0,89.0,0.2611324954557776,42.0
4036548677626662656,0.18546990436684846,0.18546990436684846,0.5135867744966208,5.461102771301432e-78,0.5763491653442571,68.0,147.0,0.26236071883551654,40.0
4037073643537925121,0.16464513736287237,0.16464513736287234,0.43395170030977015,5.457559852147018e-78,0.23186613579415988,83.0,446.0,0.20053177919094983,126.0
4037121179310444801,0.23219490184530095,0.23219490184530095,0.7853710296533684,0.0,0.6030463643732958,772.0,1595.0,0.3450860383829188,10.0
4037179073830813185,0.17402363476186924,0.17402363476186924,0.5558045365216981,5.46110168613586e-78,0.5290941068641779,31.0,73.0,0.2597833171097855,45.0
4037282461943784704,0.2028210170795486,0.2028210170795486,0.866950374281683,5.46110280059376e-78,0.33620367978414994,136.0,504.0,0.31856200222850334,16.0
4037511388357114368,0.18849868149706311,0.1884986814970631,0.4929849390508734,5.837002889943692e-78,0.5399471356276647,413.0,953.0,0.25626597619632585,54.0
4037717032428033792,0.1688768075568967,0.1688768075568967,0.5213040072793529,5.461096006772703e-78,0.40089902510539016,102.0,317.0,0.2372329481227028,83.0
4037785885739608577,0.16931851717862173,0.1693185171786217,0.6854582770942298,5.46110278048223e-78,0.28940923523800033,59.0,254.0,0.2591577633908879,47.0
4038768306117031680,0.16703428283076724,0.16703428283076724,0.46800140958757674,5.398678718364909e-78,0.2741048824593128,22.0,100.0,0.21287962572036861,116.0
4039129759104249600,0.16137156408460332,0.16137156408460332,0.7090723229113195,5.452474409785615e-78,0.5527063590259554,59.0,133.0,0.28583946073139127,27.0
4039279455324236544,0.15869825396829257,0.15869825396829257,0.4544787686973597,5.455850767860843e-78,0.689643921672722,181.0,327.0,0.24714418558930507,70.0
4040382575336130560,0.1463821618337484,0.1463821618337484,0.26004358617253676,-0.0,0.0,0.0,76.0,0.13251890624306895,147.5
4040843843196854529,0.17189274729732795,0.17189274729732795,0.6053400884070704,5.461096685181027e-78,0.4012321083764979,19.0,59.0,0.2557322395325943,57.0
4041804592937345281,0.13717784567763003,0.13717784567763003,0.0,0.0,0.28778304111958486,85.0,368.0,0.10422611923465501,149.0
4041860229502600193,0.1739750381170573,0.1739750381170573,1.0,5.457683403190542e-78,0.4880967916332656,38.0,97.0,0.34449595012770806,11.0
